datetime,glucose
2024-01-01 00:00:00,96.2
2024-01-01 00:05:00,101.7
2024-01-01 00:10:00,94.8
2024-01-01 00:15:00,100.4
2024-01-01 00:20:00,92.7
2024-01-01 00:25:00,96.9
2024-01-01 00:30:00,98.6
2024-01-01 00:35:00,100.1
2024-01-01 00:40:00,100.6
2024-01-01 00:45:00,101.1
2024-01-01 00:50:00,97.9
2024-01-01 00:55:00,97.8
2024-01-01 01:00:00,102.0
2024-01-01 01:05:00,99.1
2024-01-01 01:10:00,96.0
2024-01-01 01:15:00,96.7
2024-01-01 01:20:00,97.6
2024-01-01 01:25:00,102.1
2024-01-01 01:30:00,101.3
2024-01-01 01:35:00,103.2
2024-01-01 01:40:00,100.1
2024-01-01 01:45:00,102.1
2024-01-01 01:50:00,103.8
2024-01-01 01:55:00,101.3
2024-01-01 02:00:00,103.9
2024-01-01 02:05:00,100.8
2024-01-01 02:10:00,102.0
2024-01-01 02:15:00,102.2
2024-01-01 02:20:00,100.1
2024-01-01 02:25:00,105.4
2024-01-01 02:30:00,102.9
2024-01-01 02:35:00,104.6
2024-01-01 02:40:00,106.3
2024-01-01 02:45:00,106.5
2024-01-01 02:50:00,107.5
2024-01-01 02:55:00,105.5
2024-01-01 03:00:00,104.8
2024-01-01 03:05:00,106.2
2024-01-01 03:10:00,101.7
2024-01-01 03:15:00,102.7
2024-01-01 03:20:00,103.4
2024-01-01 03:25:00,104.7
2024-01-01 03:30:00,109.2
2024-01-01 03:35:00,105.7
2024-01-01 03:40:00,107.6
2024-01-01 03:45:00,112.9
2024-01-01 03:50:00,108.3
2024-01-01 03:55:00,111.9
2024-01-01 04:00:00,107.2
2024-01-01 04:05:00,109.7
2024-01-01 04:10:00,107.8
2024-01-01 04:15:00,110.0
2024-01-01 04:20:00,113.8
2024-01-01 04:25:00,106.5
2024-01-01 04:30:00,113.3
2024-01-01 04:35:00,113.0
2024-01-01 04:40:00,110.8
2024-01-01 04:45:00,108.6
2024-01-01 04:50:00,113.5
2024-01-01 04:55:00,112.0
2024-01-01 05:00:00,114.6
2024-01-01 05:05:00,114.3
2024-01-01 05:10:00,119.3
2024-01-01 05:15:00,114.1
2024-01-01 05:20:00,112.1
2024-01-01 05:25:00,116.0
2024-01-01 05:30:00,116.4
2024-01-01 05:35:00,120.1
2024-01-01 05:40:00,118.8
2024-01-01 05:45:00,117.7
2024-01-01 05:50:00,121.3
2024-01-01 05:55:00,113.6
2024-01-01 06:00:00,115.6
2024-01-01 06:05:00,115.0
2024-01-01 06:10:00,116.9
2024-01-01 06:15:00,114.2
2024-01-01 06:20:00,120.5
2024-01-01 06:25:00,118.2
2024-01-01 06:30:00,114.7
2024-01-01 06:35:00,116.3
2024-01-01 06:40:00,120.6
2024-01-01 06:45:00,122.4
2024-01-01 06:50:00,126.1
2024-01-01 06:55:00,129.1
2024-01-01 07:00:00,121.8
2024-01-01 07:05:00,117.9
2024-01-01 07:10:00,114.7
2024-01-01 07:15:00,122.1
2024-01-01 07:20:00,119.1
2024-01-01 07:25:00,120.5
2024-01-01 07:30:00,120.1
2024-01-01 07:35:00,121.7
2024-01-01 07:40:00,125.5
2024-01-01 07:45:00,122.9
2024-01-01 07:50:00,122.2
2024-01-01 07:55:00,119.7
2024-01-01 08:00:00,146.0
2024-01-01 08:05:00,154.9
2024-01-01 08:10:00,161.8
2024-01-01 08:15:00,173.2
2024-01-01 08:20:00,174.5
2024-01-01 08:25:00,183.2
2024-01-01 08:30:00,184.9
2024-01-01 08:35:00,188.6
2024-01-01 08:40:00,194.5
2024-01-01 08:45:00,199.9
2024-01-01 08:50:00,212.2
2024-01-01 08:55:00,206.2
2024-01-01 09:00:00,212.9
2024-01-01 09:05:00,208.3
2024-01-01 09:10:00,213.2
2024-01-01 09:15:00,209.9
2024-01-01 09:20:00,205.5
2024-01-01 09:25:00,202.1
2024-01-01 09:30:00,195.8
2024-01-01 09:35:00,193.9
2024-01-01 09:40:00,185.5
2024-01-01 09:45:00,177.3
2024-01-01 09:50:00,171.0
2024-01-01 09:55:00,169.4
2024-01-01 10:00:00,167.8
2024-01-01 10:05:00,158.1
2024-01-01 10:10:00,152.2
2024-01-01 10:15:00,148.8
2024-01-01 10:20:00,147.8
2024-01-01 10:25:00,140.9
2024-01-01 10:30:00,135.9
2024-01-01 10:35:00,137.9
2024-01-01 10:40:00,133.6
2024-01-01 10:45:00,135.1
2024-01-01 10:50:00,129.6
2024-01-01 10:55:00,124.2
2024-01-01 11:00:00,122.8
2024-01-01 11:05:00,131.1
2024-01-01 11:10:00,130.8
2024-01-01 11:15:00,124.6
2024-01-01 11:20:00,123.6
2024-01-01 11:25:00,128.8
2024-01-01 11:30:00,120.8
2024-01-01 11:35:00,121.2
2024-01-01 11:40:00,125.7
2024-01-01 11:45:00,122.4
2024-01-01 11:50:00,123.3
2024-01-01 11:55:00,122.7
2024-01-01 12:00:00,124.0
2024-01-01 12:05:00,127.1
2024-01-01 12:10:00,122.9
2024-01-01 12:15:00,124.4
2024-01-01 12:20:00,116.1
2024-01-01 12:25:00,122.0
2024-01-01 12:30:00,119.4
2024-01-01 12:35:00,118.0
2024-01-01 12:40:00,118.9
2024-01-01 12:45:00,120.3
2024-01-01 12:50:00,123.8
2024-01-01 12:55:00,116.9
2024-01-01 13:00:00,150.4
2024-01-01 13:05:00,153.2
2024-01-01 13:10:00,158.3
2024-01-01 13:15:00,167.2
2024-01-01 13:20:00,170.8
2024-01-01 13:25:00,178.4
2024-01-01 13:30:00,179.1
2024-01-01 13:35:00,182.6
2024-01-01 13:40:00,188.8
2024-01-01 13:45:00,194.7
2024-01-01 13:50:00,198.6
2024-01-01 13:55:00,198.3
2024-01-01 14:00:00,204.7
2024-01-01 14:05:00,207.2
2024-01-01 14:10:00,215.3
2024-01-01 14:15:00,213.7
2024-01-01 14:20:00,205.1
2024-01-01 14:25:00,205.4
2024-01-01 14:30:00,199.7
2024-01-01 14:35:00,199.3
2024-01-01 14:40:00,198.3
2024-01-01 14:45:00,196.6
2024-01-01 14:50:00,185.9
2024-01-01 14:55:00,180.9
2024-01-01 15:00:00,170.9
2024-01-01 15:05:00,171.1
2024-01-01 15:10:00,162.6
2024-01-01 15:15:00,158.5
2024-01-01 15:20:00,151.9
2024-01-01 15:25:00,129.0
2024-01-01 15:30:00,120.6
2024-01-01 15:35:00,118.2
2024-01-01 15:40:00,126.0
2024-01-01 15:45:00,113.0
2024-01-01 15:50:00,111.1
2024-01-01 15:55:00,117.8
2024-01-01 16:00:00,119.2
2024-01-01 16:05:00,105.4
2024-01-01 16:10:00,106.4
2024-01-01 16:15:00,107.5
2024-01-01 16:20:00,110.7
2024-01-01 16:25:00,101.9
2024-01-01 16:30:00,103.5
2024-01-01 16:35:00,106.1
2024-01-01 16:40:00,104.7
2024-01-01 16:45:00,102.0
2024-01-01 16:50:00,102.5
2024-01-01 16:55:00,98.6
2024-01-01 17:00:00,101.8
2024-01-01 17:05:00,101.6
2024-01-01 17:10:00,103.0
2024-01-01 17:15:00,100.5
2024-01-01 17:20:00,103.5
2024-01-01 17:25:00,107.7
2024-01-01 17:30:00,104.8
2024-01-01 17:35:00,105.1
2024-01-01 17:40:00,103.9
2024-01-01 17:45:00,103.4
2024-01-01 17:50:00,100.9
2024-01-01 17:55:00,103.7
2024-01-01 18:00:00,102.2
2024-01-01 18:05:00,108.5
2024-01-01 18:10:00,106.7
2024-01-01 18:15:00,102.8
2024-01-01 18:20:00,99.1
2024-01-01 18:25:00,97.8
2024-01-01 18:30:00,104.4
2024-01-01 18:35:00,101.4
2024-01-01 18:40:00,101.8
2024-01-01 18:45:00,94.9
2024-01-01 18:50:00,102.6
2024-01-01 18:55:00,101.0
2024-01-01 19:00:00,110.9
2024-01-01 19:05:00,114.5
2024-01-01 19:10:00,118.6
2024-01-01 19:15:00,119.9
2024-01-01 19:20:00,120.9
2024-01-01 19:25:00,123.5
2024-01-01 19:30:00,125.2
2024-01-01 19:35:00,128.5
2024-01-01 19:40:00,134.6
2024-01-01 19:45:00,124.5
2024-01-01 19:50:00,133.4
2024-01-01 19:55:00,136.5
2024-01-01 20:00:00,138.4
2024-01-01 20:05:00,137.8
2024-01-01 20:10:00,134.8
2024-01-01 20:15:00,141.9
2024-01-01 20:20:00,146.7
2024-01-01 20:25:00,137.2
2024-01-01 20:30:00,144.4
2024-01-01 20:35:00,140.4
2024-01-01 20:40:00,140.6
2024-01-01 20:45:00,136.6
2024-01-01 20:50:00,137.5
2024-01-01 20:55:00,140.9
2024-01-01 21:00:00,137.0
2024-01-01 21:05:00,138.5
2024-01-01 21:10:00,134.8
2024-01-01 21:15:00,130.3
2024-01-01 21:20:00,131.9
2024-01-01 21:25:00,125.7
2024-01-01 21:30:00,124.4
2024-01-01 21:35:00,118.7
2024-01-01 21:40:00,117.5
2024-01-01 21:45:00,113.0
2024-01-01 21:50:00,115.9
2024-01-01 21:55:00,107.4
2024-01-01 22:00:00,111.4
2024-01-01 22:05:00,106.7
2024-01-01 22:10:00,109.2
2024-01-01 22:15:00,106.5
2024-01-01 22:20:00,108.4
2024-01-01 22:25:00,104.0
2024-01-01 22:30:00,96.1
2024-01-01 22:35:00,99.7
2024-01-01 22:40:00,95.7
2024-01-01 22:45:00,97.0
2024-01-01 22:50:00,102.6
2024-01-01 22:55:00,99.5
2024-01-01 23:00:00,95.2
2024-01-01 23:05:00,94.0
2024-01-01 23:10:00,96.9
2024-01-01 23:15:00,93.0
2024-01-01 23:20:00,94.6
2024-01-01 23:25:00,97.5
2024-01-01 23:30:00,100.0
2024-01-01 23:35:00,98.4
2024-01-01 23:40:00,89.8
2024-01-01 23:45:00,97.7
2024-01-01 23:50:00,97.1
2024-01-01 23:55:00,98.2
2024-01-02 00:00:00,101.9
2024-01-02 00:05:00,91.0
2024-01-02 00:10:00,95.6
2024-01-02 00:15:00,99.3
2024-01-02 00:20:00,93.0
2024-01-02 00:25:00,102.3
2024-01-02 00:30:00,99.2
2024-01-02 00:35:00,100.8
2024-01-02 00:40:00,96.8
2024-01-02 00:45:00,101.2
2024-01-02 00:50:00,102.1
2024-01-02 00:55:00,99.9
2024-01-02 01:00:00,100.1
2024-01-02 01:05:00,100.4
2024-01-02 01:10:00,97.3
2024-01-02 01:15:00,99.7
2024-01-02 01:20:00,99.9
2024-01-02 01:25:00,101.8
2024-01-02 01:30:00,103.9
2024-01-02 01:35:00,98.0
2024-01-02 01:40:00,101.0
2024-01-02 01:45:00,106.1
2024-01-02 01:50:00,99.7
2024-01-02 01:55:00,99.8
2024-01-02 02:00:00,103.1
2024-01-02 02:05:00,105.3
2024-01-02 02:10:00,103.1
2024-01-02 02:15:00,107.4
2024-01-02 02:20:00,106.2
2024-01-02 02:25:00,106.5
2024-01-02 02:30:00,105.9
2024-01-02 02:35:00,111.5
2024-01-02 02:40:00,104.3
2024-01-02 02:45:00,99.2
2024-01-02 02:50:00,110.3
2024-01-02 02:55:00,104.4
2024-01-02 03:00:00,106.4
2024-01-02 03:05:00,110.4
2024-01-02 03:10:00,101.9
2024-01-02 03:15:00,103.3
2024-01-02 03:20:00,102.6
2024-01-02 03:25:00,105.3
2024-01-02 03:30:00,109.4
2024-01-02 03:35:00,109.9
2024-01-02 03:40:00,109.5
2024-01-02 03:45:00,104.8
2024-01-02 03:50:00,102.4
2024-01-02 03:55:00,109.8
2024-01-02 04:00:00,108.6
2024-01-02 04:05:00,111.7
2024-01-02 04:10:00,112.8
2024-01-02 04:15:00,111.4
2024-01-02 04:20:00,113.6
2024-01-02 04:25:00,112.3
2024-01-02 04:30:00,113.5
2024-01-02 04:35:00,110.2
2024-01-02 04:40:00,112.1
2024-01-02 04:45:00,113.5
2024-01-02 04:50:00,115.7
2024-01-02 04:55:00,112.4
2024-01-02 05:00:00,115.4
2024-01-02 05:05:00,113.4
2024-01-02 05:10:00,114.2
2024-01-02 05:15:00,117.3
2024-01-02 05:20:00,109.2
2024-01-02 05:25:00,111.5
2024-01-02 05:30:00,111.3
2024-01-02 05:35:00,109.0
2024-01-02 05:40:00,114.3
2024-01-02 05:45:00,118.9
2024-01-02 05:50:00,116.1
2024-01-02 05:55:00,117.8
2024-01-02 06:00:00,120.8
2024-01-02 06:05:00,121.8
2024-01-02 06:10:00,117.9
2024-01-02 06:15:00,122.4
2024-01-02 06:20:00,118.9
2024-01-02 06:25:00,116.4
2024-01-02 06:30:00,117.3
2024-01-02 06:35:00,114.9
2024-01-02 06:40:00,117.0
2024-01-02 06:45:00,118.8
2024-01-02 06:50:00,122.5
2024-01-02 06:55:00,125.5
2024-01-02 07:00:00,116.5
2024-01-02 07:05:00,122.0
2024-01-02 07:10:00,117.9
2024-01-02 07:15:00,122.7
2024-01-02 07:20:00,121.1
2024-01-02 07:25:00,116.2
2024-01-02 07:30:00,124.7
2024-01-02 07:35:00,120.3
2024-01-02 07:40:00,120.7
2024-01-02 07:45:00,119.3
2024-01-02 07:50:00,120.7
2024-01-02 07:55:00,124.1
2024-01-02 08:00:00,150.2
2024-01-02 08:05:00,156.0
2024-01-02 08:10:00,160.6
2024-01-02 08:15:00,168.1
2024-01-02 08:20:00,168.0
2024-01-02 08:25:00,169.5
2024-01-02 08:30:00,182.1
2024-01-02 08:35:00,182.8
2024-01-02 08:40:00,191.9
2024-01-02 08:45:00,194.2
2024-01-02 08:50:00,196.9
2024-01-02 08:55:00,202.0
2024-01-02 09:00:00,210.0
2024-01-02 09:05:00,213.0
2024-01-02 09:10:00,208.9
2024-01-02 09:15:00,210.4
2024-01-02 09:20:00,213.7
2024-01-02 09:25:00,207.6
2024-01-02 09:30:00,210.2
2024-01-02 09:35:00,207.4
2024-01-02 09:40:00,206.0
2024-01-02 09:45:00,199.5
2024-01-02 09:50:00,193.7
2024-01-02 09:55:00,188.3
2024-01-02 10:00:00,186.8
2024-01-02 10:05:00,184.2
2024-01-02 10:10:00,179.9
2024-01-02 10:15:00,181.7
2024-01-02 10:20:00,174.4
2024-01-02 10:25:00,163.4
2024-01-02 10:30:00,162.7
2024-01-02 10:35:00,156.1
2024-01-02 10:40:00,152.3
2024-01-02 10:45:00,149.9
2024-01-02 10:50:00,147.6
2024-01-02 10:55:00,141.6
2024-01-02 11:00:00,142.9
2024-01-02 11:05:00,133.7
2024-01-02 11:10:00,134.9
2024-01-02 11:15:00,140.7
2024-01-02 11:20:00,131.9
2024-01-02 11:25:00,134.0
2024-01-02 11:30:00,128.7
2024-01-02 11:35:00,129.1
2024-01-02 11:40:00,126.3
2024-01-02 11:45:00,125.2
2024-01-02 11:50:00,122.7
2024-01-02 11:55:00,125.8
2024-01-02 12:00:00,121.4
2024-01-02 12:05:00,125.6
2024-01-02 12:10:00,126.5
2024-01-02 12:15:00,124.0
2024-01-02 12:20:00,121.7
2024-01-02 12:25:00,123.7
2024-01-02 12:30:00,121.1
2024-01-02 12:35:00,124.6
2024-01-02 12:40:00,116.1
2024-01-02 12:45:00,120.3
2024-01-02 12:50:00,115.1
2024-01-02 12:55:00,116.4
2024-01-02 13:00:00,140.2
2024-01-02 13:05:00,141.3
2024-01-02 13:10:00,139.3
2024-01-02 13:15:00,139.9
2024-01-02 13:20:00,138.5
2024-01-02 13:25:00,148.8
2024-01-02 13:30:00,160.7
2024-01-02 13:35:00,157.6
2024-01-02 13:40:00,157.2
2024-01-02 13:45:00,162.5
2024-01-02 13:50:00,158.2
2024-01-02 13:55:00,163.3
2024-01-02 14:00:00,165.1
2024-01-02 14:05:00,164.6
2024-01-02 14:10:00,166.7
2024-01-02 14:15:00,164.2
2024-01-02 14:20:00,163.4
2024-01-02 14:25:00,157.0
2024-01-02 14:30:00,159.0
2024-01-02 14:35:00,158.1
2024-01-02 14:40:00,146.9
2024-01-02 14:45:00,143.6
2024-01-02 14:50:00,146.6
2024-01-02 14:55:00,138.4
2024-01-02 15:00:00,139.7
2024-01-02 15:05:00,130.8
2024-01-02 15:10:00,133.4
2024-01-02 15:15:00,126.5
2024-01-02 15:20:00,124.3
2024-01-02 15:25:00,125.9
2024-01-02 15:30:00,118.0
2024-01-02 15:35:00,114.5
2024-01-02 15:40:00,114.4
2024-01-02 15:45:00,115.8
2024-01-02 15:50:00,108.6
2024-01-02 15:55:00,114.2
2024-01-02 16:00:00,109.9
2024-01-02 16:05:00,114.2
2024-01-02 16:10:00,102.9
2024-01-02 16:15:00,107.2
2024-01-02 16:20:00,104.0
2024-01-02 16:25:00,106.2
2024-01-02 16:30:00,109.0
2024-01-02 16:35:00,107.3
2024-01-02 16:40:00,106.7
2024-01-02 16:45:00,106.7
2024-01-02 16:50:00,107.4
2024-01-02 16:55:00,103.4
2024-01-02 17:00:00,108.3
2024-01-02 17:05:00,107.8
2024-01-02 17:10:00,106.7
2024-01-02 17:15:00,106.9
2024-01-02 17:20:00,105.8
2024-01-02 17:25:00,110.7
2024-01-02 17:30:00,104.0
2024-01-02 17:35:00,103.0
2024-01-02 17:40:00,101.4
2024-01-02 17:45:00,100.3
2024-01-02 17:50:00,99.3
2024-01-02 17:55:00,100.1
2024-01-02 18:00:00,102.3
2024-01-02 18:05:00,103.2
2024-01-02 18:10:00,102.1
2024-01-02 18:15:00,99.4
2024-01-02 18:20:00,104.1
2024-01-02 18:25:00,103.3
2024-01-02 18:30:00,100.4
2024-01-02 18:35:00,98.7
2024-01-02 18:40:00,102.0
2024-01-02 18:45:00,100.7
2024-01-02 18:50:00,95.5
2024-01-02 18:55:00,99.4
2024-01-02 19:00:00,120.4
2024-01-02 19:05:00,119.4
2024-01-02 19:10:00,125.3
2024-01-02 19:15:00,123.2
2024-01-02 19:20:00,134.5
2024-01-02 19:25:00,137.3
2024-01-02 19:30:00,135.8
2024-01-02 19:35:00,140.7
2024-01-02 19:40:00,135.4
2024-01-02 19:45:00,142.0
2024-01-02 19:50:00,147.4
2024-01-02 19:55:00,147.5
2024-01-02 20:00:00,155.1
2024-01-02 20:05:00,160.9
2024-01-02 20:10:00,152.9
2024-01-02 20:15:00,155.0
2024-01-02 20:20:00,158.9
2024-01-02 20:25:00,163.3
2024-01-02 20:30:00,154.6
2024-01-02 20:35:00,158.4
2024-01-02 20:40:00,162.0
2024-01-02 20:45:00,150.0
2024-01-02 20:50:00,149.2
2024-01-02 20:55:00,149.5
2024-01-02 21:00:00,146.7
2024-01-02 21:05:00,147.8
2024-01-02 21:10:00,143.1
2024-01-02 21:15:00,133.9
2024-01-02 21:20:00,137.5
2024-01-02 21:25:00,130.9
2024-01-02 21:30:00,133.1
2024-01-02 21:35:00,124.2
2024-01-02 21:40:00,121.0
2024-01-02 21:45:00,121.5
2024-01-02 21:50:00,119.3
2024-01-02 21:55:00,115.7
2024-01-02 22:00:00,106.9
2024-01-02 22:05:00,111.3
2024-01-02 22:10:00,104.5
2024-01-02 22:15:00,106.5
2024-01-02 22:20:00,99.9
2024-01-02 22:25:00,104.1
2024-01-02 22:30:00,99.1
2024-01-02 22:35:00,96.6
2024-01-02 22:40:00,101.7
2024-01-02 22:45:00,99.6
2024-01-02 22:50:00,96.4
2024-01-02 22:55:00,102.1
2024-01-02 23:00:00,96.0
2024-01-02 23:05:00,97.2
2024-01-02 23:10:00,97.7
2024-01-02 23:15:00,94.8
2024-01-02 23:20:00,98.0
2024-01-02 23:25:00,95.0
2024-01-02 23:30:00,95.3
2024-01-02 23:35:00,100.7
2024-01-02 23:40:00,93.5
2024-01-02 23:45:00,89.5
2024-01-02 23:50:00,101.7
2024-01-02 23:55:00,104.6
2024-01-03 00:00:00,95.9
2024-01-03 00:05:00,91.4
2024-01-03 00:10:00,96.5
2024-01-03 00:15:00,96.7
2024-01-03 00:20:00,97.2
2024-01-03 00:25:00,94.6
2024-01-03 00:30:00,99.8
2024-01-03 00:35:00,99.9
2024-01-03 00:40:00,94.0
2024-01-03 00:45:00,100.8
2024-01-03 00:50:00,105.1
2024-01-03 00:55:00,99.7
2024-01-03 01:00:00,98.4
2024-01-03 01:05:00,99.2
2024-01-03 01:10:00,101.7
2024-01-03 01:15:00,94.9
2024-01-03 01:20:00,100.9
2024-01-03 01:25:00,99.4
2024-01-03 01:30:00,106.4
2024-01-03 01:35:00,100.6
2024-01-03 01:40:00,106.4
2024-01-03 01:45:00,98.4
2024-01-03 01:50:00,103.7
2024-01-03 01:55:00,103.2
2024-01-03 02:00:00,99.9
2024-01-03 02:05:00,103.3
2024-01-03 02:10:00,106.7
2024-01-03 02:15:00,102.4
2024-01-03 02:20:00,98.6
2024-01-03 02:25:00,103.9
2024-01-03 02:30:00,101.6
2024-01-03 02:35:00,103.5
2024-01-03 02:40:00,104.6
2024-01-03 02:45:00,100.1
2024-01-03 02:50:00,100.6
2024-01-03 02:55:00,107.2
2024-01-03 03:00:00,104.5
2024-01-03 03:05:00,98.7
2024-01-03 03:10:00,109.1
2024-01-03 03:15:00,107.9
2024-01-03 03:20:00,105.3
2024-01-03 03:25:00,103.8
2024-01-03 03:30:00,110.5
2024-01-03 03:35:00,109.4
2024-01-03 03:40:00,115.8
2024-01-03 03:45:00,110.3
2024-01-03 03:50:00,110.5
2024-01-03 03:55:00,109.2
2024-01-03 04:00:00,112.5
2024-01-03 04:05:00,112.2
2024-01-03 04:10:00,114.4
2024-01-03 04:15:00,109.4
2024-01-03 04:20:00,110.0
2024-01-03 04:25:00,110.2
2024-01-03 04:30:00,114.3
2024-01-03 04:35:00,116.8
2024-01-03 04:40:00,111.2
2024-01-03 04:45:00,111.7
2024-01-03 04:50:00,114.2
2024-01-03 04:55:00,112.8
2024-01-03 05:00:00,116.7
2024-01-03 05:05:00,107.4
2024-01-03 05:10:00,112.0
2024-01-03 05:15:00,112.5
2024-01-03 05:20:00,108.2
2024-01-03 05:25:00,112.5
2024-01-03 05:30:00,113.0
2024-01-03 05:35:00,115.4
2024-01-03 05:40:00,119.7
2024-01-03 05:45:00,115.9
2024-01-03 05:50:00,113.8
2024-01-03 05:55:00,117.0
2024-01-03 06:00:00,120.6
2024-01-03 06:05:00,114.9
2024-01-03 06:10:00,115.3
2024-01-03 06:15:00,120.0
2024-01-03 06:20:00,117.9
2024-01-03 06:25:00,120.8
2024-01-03 06:30:00,119.1
2024-01-03 06:35:00,121.5
2024-01-03 06:40:00,116.5
2024-01-03 06:45:00,119.9
2024-01-03 06:50:00,119.5
2024-01-03 06:55:00,116.7
2024-01-03 07:00:00,115.9
2024-01-03 07:05:00,122.9
2024-01-03 07:10:00,120.0
2024-01-03 07:15:00,118.2
2024-01-03 07:20:00,121.2
2024-01-03 07:25:00,125.1
2024-01-03 07:30:00,115.1
2024-01-03 07:35:00,117.6
2024-01-03 07:40:00,119.5
2024-01-03 07:45:00,126.9
2024-01-03 07:50:00,123.5
2024-01-03 07:55:00,125.1
2024-01-03 08:00:00,145.1
2024-01-03 08:05:00,149.0
2024-01-03 08:10:00,157.7
2024-01-03 08:15:00,160.7
2024-01-03 08:20:00,166.6
2024-01-03 08:25:00,168.8
2024-01-03 08:30:00,174.7
2024-01-03 08:35:00,178.8
2024-01-03 08:40:00,185.0
2024-01-03 08:45:00,189.1
2024-01-03 08:50:00,185.7
2024-01-03 08:55:00,187.3
2024-01-03 09:00:00,200.0
2024-01-03 09:05:00,203.0
2024-01-03 09:10:00,198.3
2024-01-03 09:15:00,197.1
2024-01-03 09:20:00,203.6
2024-01-03 09:25:00,206.1
2024-01-03 09:30:00,208.1
2024-01-03 09:35:00,202.9
2024-01-03 09:40:00,198.3
2024-01-03 09:45:00,194.3
2024-01-03 09:50:00,194.0
2024-01-03 09:55:00,189.7
2024-01-03 10:00:00,183.7
2024-01-03 10:05:00,188.9
2024-01-03 10:10:00,183.9
2024-01-03 10:15:00,177.6
2024-01-03 10:20:00,167.0
2024-01-03 10:25:00,168.0
2024-01-03 10:30:00,163.1
2024-01-03 10:35:00,158.4
2024-01-03 10:40:00,157.0
2024-01-03 10:45:00,151.5
2024-01-03 10:50:00,148.4
2024-01-03 10:55:00,145.0
2024-01-03 11:00:00,141.3
2024-01-03 11:05:00,132.4
2024-01-03 11:10:00,135.7
2024-01-03 11:15:00,131.8
2024-01-03 11:20:00,127.9
2024-01-03 11:25:00,135.3
2024-01-03 11:30:00,134.1
2024-01-03 11:35:00,131.9
2024-01-03 11:40:00,127.6
2024-01-03 11:45:00,130.1
2024-01-03 11:50:00,125.4
2024-01-03 11:55:00,125.3
2024-01-03 12:00:00,120.9
2024-01-03 12:05:00,124.9
2024-01-03 12:10:00,123.5
2024-01-03 12:15:00,119.1
2024-01-03 12:20:00,122.5
2024-01-03 12:25:00,122.1
2024-01-03 12:30:00,127.5
2024-01-03 12:35:00,124.5
2024-01-03 12:40:00,121.6
2024-01-03 12:45:00,122.1
2024-01-03 12:50:00,121.2
2024-01-03 12:55:00,120.3
2024-01-03 13:00:00,139.0
2024-01-03 13:05:00,146.2
2024-01-03 13:10:00,149.2
2024-01-03 13:15:00,152.8
2024-01-03 13:20:00,163.3
2024-01-03 13:25:00,168.1
2024-01-03 13:30:00,166.4
2024-01-03 13:35:00,175.8
2024-01-03 13:40:00,182.7
2024-01-03 13:45:00,185.6
2024-01-03 13:50:00,187.1
2024-01-03 13:55:00,184.5
2024-01-03 14:00:00,181.0
2024-01-03 14:05:00,178.3
2024-01-03 14:10:00,179.4
2024-01-03 14:15:00,175.4
2024-01-03 14:20:00,173.3
2024-01-03 14:25:00,167.4
2024-01-03 14:30:00,158.0
2024-01-03 14:35:00,148.9
2024-01-03 14:40:00,146.0
2024-01-03 14:45:00,142.2
2024-01-03 14:50:00,135.9
2024-01-03 14:55:00,130.3
2024-01-03 15:00:00,128.8
2024-01-03 15:05:00,123.1
2024-01-03 15:10:00,119.8
2024-01-03 15:15:00,120.2
2024-01-03 15:20:00,116.1
2024-01-03 15:25:00,116.4
2024-01-03 15:30:00,115.2
2024-01-03 15:35:00,109.9
2024-01-03 15:40:00,111.0
2024-01-03 15:45:00,116.1
2024-01-03 15:50:00,107.7
2024-01-03 15:55:00,104.3
2024-01-03 16:00:00,104.6
2024-01-03 16:05:00,109.9
2024-01-03 16:10:00,109.5
2024-01-03 16:15:00,108.7
2024-01-03 16:20:00,112.4
2024-01-03 16:25:00,100.4
2024-01-03 16:30:00,109.2
2024-01-03 16:35:00,112.4
2024-01-03 16:40:00,104.0
2024-01-03 16:45:00,105.9
2024-01-03 16:50:00,104.5
2024-01-03 16:55:00,103.8
2024-01-03 17:00:00,105.1
2024-01-03 17:05:00,110.1
2024-01-03 17:10:00,111.0
2024-01-03 17:15:00,104.2
2024-01-03 17:20:00,110.6
2024-01-03 17:25:00,104.7
2024-01-03 17:30:00,109.5
2024-01-03 17:35:00,103.7
2024-01-03 17:40:00,104.1
2024-01-03 17:45:00,104.5
2024-01-03 17:50:00,112.6
2024-01-03 17:55:00,105.3
2024-01-03 18:00:00,100.4
2024-01-03 18:05:00,105.1
2024-01-03 18:10:00,100.9
2024-01-03 18:15:00,100.2
2024-01-03 18:20:00,104.1
2024-01-03 18:25:00,101.2
2024-01-03 18:30:00,101.7
2024-01-03 18:35:00,100.7
2024-01-03 18:40:00,101.4
2024-01-03 18:45:00,101.4
2024-01-03 18:50:00,94.1
2024-01-03 18:55:00,101.6
2024-01-03 19:00:00,120.2
2024-01-03 19:05:00,124.6
2024-01-03 19:10:00,135.0
2024-01-03 19:15:00,142.1
2024-01-03 19:20:00,146.5
2024-01-03 19:25:00,157.5
2024-01-03 19:30:00,156.7
2024-01-03 19:35:00,164.2
2024-01-03 19:40:00,167.0
2024-01-03 19:45:00,170.4
2024-01-03 19:50:00,171.3
2024-01-03 19:55:00,165.6
2024-01-03 20:00:00,167.4
2024-01-03 20:05:00,160.5
2024-01-03 20:10:00,148.6
2024-01-03 20:15:00,141.7
2024-01-03 20:20:00,140.5
2024-01-03 20:25:00,132.9
2024-01-03 20:30:00,126.5
2024-01-03 20:35:00,120.6
2024-01-03 20:40:00,115.9
2024-01-03 20:45:00,113.4
2024-01-03 20:50:00,103.4
2024-01-03 20:55:00,100.1
2024-01-03 21:00:00,97.9
2024-01-03 21:05:00,100.2
2024-01-03 21:10:00,101.8
2024-01-03 21:15:00,95.8
2024-01-03 21:20:00,88.9
2024-01-03 21:25:00,90.8
2024-01-03 21:30:00,93.1
2024-01-03 21:35:00,93.7
2024-01-03 21:40:00,94.0
2024-01-03 21:45:00,95.2
2024-01-03 21:50:00,94.1
2024-01-03 21:55:00,98.2
2024-01-03 22:00:00,93.0
2024-01-03 22:05:00,92.4
2024-01-03 22:10:00,96.5
2024-01-03 22:15:00,90.4
2024-01-03 22:20:00,96.2
2024-01-03 22:25:00,95.4
2024-01-03 22:30:00,94.7
2024-01-03 22:35:00,99.9
2024-01-03 22:40:00,93.4
2024-01-03 22:45:00,101.5
2024-01-03 22:50:00,94.7
2024-01-03 22:55:00,91.6
2024-01-03 23:00:00,95.7
2024-01-03 23:05:00,92.4
2024-01-03 23:10:00,93.4
2024-01-03 23:15:00,97.0
2024-01-03 23:20:00,97.6
2024-01-03 23:25:00,94.2
2024-01-03 23:30:00,99.1
2024-01-03 23:35:00,99.7
2024-01-03 23:40:00,100.7
2024-01-03 23:45:00,98.1
2024-01-03 23:50:00,100.8
2024-01-03 23:55:00,91.2
2024-01-04 00:00:00,96.1
2024-01-04 00:05:00,94.6
2024-01-04 00:10:00,97.7
2024-01-04 00:15:00,95.8
2024-01-04 00:20:00,97.2
2024-01-04 00:25:00,103.5
2024-01-04 00:30:00,97.6
2024-01-04 00:35:00,99.5
2024-01-04 00:40:00,97.8
2024-01-04 00:45:00,98.9
2024-01-04 00:50:00,99.0
2024-01-04 00:55:00,100.5
2024-01-04 01:00:00,102.9
2024-01-04 01:05:00,104.6
2024-01-04 01:10:00,100.8
2024-01-04 01:15:00,101.9
2024-01-04 01:20:00,96.9
2024-01-04 01:25:00,100.3
2024-01-04 01:30:00,103.7
2024-01-04 01:35:00,103.7
2024-01-04 01:40:00,102.0
2024-01-04 01:45:00,104.3
2024-01-04 01:50:00,103.4
2024-01-04 01:55:00,105.8
2024-01-04 02:00:00,103.4
2024-01-04 02:05:00,101.7
2024-01-04 02:10:00,104.1
2024-01-04 02:15:00,94.6
2024-01-04 02:20:00,104.8
2024-01-04 02:25:00,93.0
2024-01-04 02:30:00,99.1
2024-01-04 02:35:00,105.9
2024-01-04 02:40:00,106.3
2024-01-04 02:45:00,101.7
2024-01-04 02:50:00,103.4
2024-01-04 02:55:00,109.9
2024-01-04 03:00:00,104.7
2024-01-04 03:05:00,113.2
2024-01-04 03:10:00,106.7
2024-01-04 03:15:00,108.3
2024-01-04 03:20:00,112.2
2024-01-04 03:25:00,108.1
2024-01-04 03:30:00,105.0
2024-01-04 03:35:00,108.0
2024-01-04 03:40:00,108.6
2024-01-04 03:45:00,104.9
2024-01-04 03:50:00,108.6
2024-01-04 03:55:00,107.4
2024-01-04 04:00:00,112.8
2024-01-04 04:05:00,110.4
2024-01-04 04:10:00,109.8
2024-01-04 04:15:00,110.7
2024-01-04 04:20:00,112.0
2024-01-04 04:25:00,113.5
2024-01-04 04:30:00,109.0
2024-01-04 04:35:00,109.2
2024-01-04 04:40:00,115.9
2024-01-04 04:45:00,111.7
2024-01-04 04:50:00,109.0
2024-01-04 04:55:00,114.9
2024-01-04 05:00:00,115.3
2024-01-04 05:05:00,109.6
2024-01-04 05:10:00,115.2
2024-01-04 05:15:00,117.0
2024-01-04 05:20:00,116.3
2024-01-04 05:25:00,117.3
2024-01-04 05:30:00,111.5
2024-01-04 05:35:00,117.0
2024-01-04 05:40:00,115.4
2024-01-04 05:45:00,115.2
2024-01-04 05:50:00,119.5
2024-01-04 05:55:00,121.7
2024-01-04 06:00:00,122.9
2024-01-04 06:05:00,121.7
2024-01-04 06:10:00,117.7
2024-01-04 06:15:00,119.4
2024-01-04 06:20:00,120.9
2024-01-04 06:25:00,119.2
2024-01-04 06:30:00,119.5
2024-01-04 06:35:00,121.9
2024-01-04 06:40:00,119.5
2024-01-04 06:45:00,117.7
2024-01-04 06:50:00,118.9
2024-01-04 06:55:00,122.3
2024-01-04 07:00:00,120.6
2024-01-04 07:05:00,121.9
2024-01-04 07:10:00,123.1
2024-01-04 07:15:00,120.2
2024-01-04 07:20:00,123.8
2024-01-04 07:25:00,122.8
2024-01-04 07:30:00,118.2
2024-01-04 07:35:00,126.4
2024-01-04 07:40:00,120.8
2024-01-04 07:45:00,117.5
2024-01-04 07:50:00,119.5
2024-01-04 07:55:00,119.8
2024-01-04 08:00:00,152.3
2024-01-04 08:05:00,156.1
2024-01-04 08:10:00,161.0
2024-01-04 08:15:00,169.3
2024-01-04 08:20:00,174.0
2024-01-04 08:25:00,179.6
2024-01-04 08:30:00,185.6
2024-01-04 08:35:00,191.7
2024-01-04 08:40:00,188.8
2024-01-04 08:45:00,198.9
2024-01-04 08:50:00,197.7
2024-01-04 08:55:00,208.0
2024-01-04 09:00:00,210.8
2024-01-04 09:05:00,216.0
2024-01-04 09:10:00,217.6
2024-01-04 09:15:00,214.9
2024-01-04 09:20:00,212.1
2024-01-04 09:25:00,213.5
2024-01-04 09:30:00,208.0
2024-01-04 09:35:00,206.3
2024-01-04 09:40:00,205.3
2024-01-04 09:45:00,196.1
2024-01-04 09:50:00,195.2
2024-01-04 09:55:00,189.5
2024-01-04 10:00:00,179.2
2024-01-04 10:05:00,179.4
2024-01-04 10:10:00,173.1
2024-01-04 10:15:00,165.9
2024-01-04 10:20:00,158.2
2024-01-04 10:25:00,153.1
2024-01-04 10:30:00,149.6
2024-01-04 10:35:00,148.8
2024-01-04 10:40:00,140.7
2024-01-04 10:45:00,141.6
2024-01-04 10:50:00,133.7
2024-01-04 10:55:00,134.4
2024-01-04 11:00:00,133.2
2024-01-04 11:05:00,138.4
2024-01-04 11:10:00,125.4
2024-01-04 11:15:00,132.7
2024-01-04 11:20:00,127.7
2024-01-04 11:25:00,127.6
2024-01-04 11:30:00,126.0
2024-01-04 11:35:00,126.4
2024-01-04 11:40:00,124.1
2024-01-04 11:45:00,128.6
2024-01-04 11:50:00,122.5
2024-01-04 11:55:00,126.9
2024-01-04 12:00:00,121.3
2024-01-04 12:05:00,122.8
2024-01-04 12:10:00,119.6
2024-01-04 12:15:00,123.9
2024-01-04 12:20:00,126.7
2024-01-04 12:25:00,121.9
2024-01-04 12:30:00,121.3
2024-01-04 12:35:00,118.4
2024-01-04 12:40:00,120.8
2024-01-04 12:45:00,116.5
2024-01-04 12:50:00,118.3
2024-01-04 12:55:00,121.5
2024-01-04 13:00:00,152.3
2024-01-04 13:05:00,161.9
2024-01-04 13:10:00,157.3
2024-01-04 13:15:00,169.3
2024-01-04 13:20:00,171.8
2024-01-04 13:25:00,176.7
2024-01-04 13:30:00,184.4
2024-01-04 13:35:00,188.8
2024-01-04 13:40:00,193.8
2024-01-04 13:45:00,196.3
2024-01-04 13:50:00,196.3
2024-01-04 13:55:00,197.7
2024-01-04 14:00:00,204.9
2024-01-04 14:05:00,201.4
2024-01-04 14:10:00,198.5
2024-01-04 14:15:00,197.2
2024-01-04 14:20:00,195.3
2024-01-04 14:25:00,188.3
2024-01-04 14:30:00,180.0
2024-01-04 14:35:00,179.3
2024-01-04 14:40:00,173.7
2024-01-04 14:45:00,163.8
2024-01-04 14:50:00,158.7
2024-01-04 14:55:00,153.2
2024-01-04 15:00:00,147.0
2024-01-04 15:05:00,140.1
2024-01-04 15:10:00,135.2
2024-01-04 15:15:00,130.7
2024-01-04 15:20:00,122.2
2024-01-04 15:25:00,124.5
2024-01-04 15:30:00,115.6
2024-01-04 15:35:00,115.1
2024-01-04 15:40:00,119.6
2024-01-04 15:45:00,116.7
2024-01-04 15:50:00,117.5
2024-01-04 15:55:00,111.2
2024-01-04 16:00:00,107.7
2024-01-04 16:05:00,109.8
2024-01-04 16:10:00,110.2
2024-01-04 16:15:00,109.6
2024-01-04 16:20:00,112.3
2024-01-04 16:25:00,107.4
2024-01-04 16:30:00,109.2
2024-01-04 16:35:00,104.8
2024-01-04 16:40:00,108.8
2024-01-04 16:45:00,107.1
2024-01-04 16:50:00,104.5
2024-01-04 16:55:00,105.7
2024-01-04 17:00:00,105.6
2024-01-04 17:05:00,105.0
2024-01-04 17:10:00,110.8
2024-01-04 17:15:00,104.9
2024-01-04 17:20:00,104.1
2024-01-04 17:25:00,98.3
2024-01-04 17:30:00,101.6
2024-01-04 17:35:00,103.2
2024-01-04 17:40:00,101.6
2024-01-04 17:45:00,107.5
2024-01-04 17:50:00,102.6
2024-01-04 17:55:00,106.7
2024-01-04 18:00:00,102.7
2024-01-04 18:05:00,102.3
2024-01-04 18:10:00,101.7
2024-01-04 18:15:00,101.7
2024-01-04 18:20:00,106.6
2024-01-04 18:25:00,94.2
2024-01-04 18:30:00,94.9
2024-01-04 18:35:00,99.0
2024-01-04 18:40:00,100.4
2024-01-04 18:45:00,102.2
2024-01-04 18:50:00,101.3
2024-01-04 18:55:00,98.5
2024-01-04 19:00:00,134.3
2024-01-04 19:05:00,138.5
2024-01-04 19:10:00,140.4
2024-01-04 19:15:00,147.4
2024-01-04 19:20:00,150.2
2024-01-04 19:25:00,152.6
2024-01-04 19:30:00,161.5
2024-01-04 19:35:00,164.7
2024-01-04 19:40:00,169.3
2024-01-04 19:45:00,178.4
2024-01-04 19:50:00,171.1
2024-01-04 19:55:00,178.2
2024-01-04 20:00:00,182.5
2024-01-04 20:05:00,188.0
2024-01-04 20:10:00,190.7
2024-01-04 20:15:00,188.7
2024-01-04 20:20:00,191.3
2024-01-04 20:25:00,191.9
2024-01-04 20:30:00,201.4
2024-01-04 20:35:00,198.2
2024-01-04 20:40:00,189.6
2024-01-04 20:45:00,187.1
2024-01-04 20:50:00,181.5
2024-01-04 20:55:00,175.5
2024-01-04 21:00:00,176.6
2024-01-04 21:05:00,169.3
2024-01-04 21:10:00,167.1
2024-01-04 21:15:00,157.4
2024-01-04 21:20:00,154.6
2024-01-04 21:25:00,152.0
2024-01-04 21:30:00,147.5
2024-01-04 21:35:00,142.5
2024-01-04 21:40:00,132.4
2024-01-04 21:45:00,134.2
2024-01-04 21:50:00,124.8
2024-01-04 21:55:00,125.0
2024-01-04 22:00:00,119.4
2024-01-04 22:05:00,111.8
2024-01-04 22:10:00,112.0
2024-01-04 22:15:00,111.3
2024-01-04 22:20:00,109.6
2024-01-04 22:25:00,105.3
2024-01-04 22:30:00,108.5
2024-01-04 22:35:00,105.4
2024-01-04 22:40:00,100.3
2024-01-04 22:45:00,102.3
2024-01-04 22:50:00,105.0
2024-01-04 22:55:00,104.3
2024-01-04 23:00:00,94.2
2024-01-04 23:05:00,94.7
2024-01-04 23:10:00,101.6
2024-01-04 23:15:00,93.7
2024-01-04 23:20:00,92.8
2024-01-04 23:25:00,95.2
2024-01-04 23:30:00,97.9
2024-01-04 23:35:00,96.3
2024-01-04 23:40:00,94.7
2024-01-04 23:45:00,94.7
2024-01-04 23:50:00,94.7
2024-01-04 23:55:00,94.3
2024-01-05 00:00:00,103.9
2024-01-05 00:05:00,98.1
2024-01-05 00:10:00,100.0
2024-01-05 00:15:00,96.1
2024-01-05 00:20:00,97.2
2024-01-05 00:25:00,95.8
2024-01-05 00:30:00,90.2
2024-01-05 00:35:00,94.2
2024-01-05 00:40:00,93.1
2024-01-05 00:45:00,92.0
2024-01-05 00:50:00,95.4
2024-01-05 00:55:00,103.1
2024-01-05 01:00:00,99.3
2024-01-05 01:05:00,103.5
2024-01-05 01:10:00,101.1
2024-01-05 01:15:00,102.5
2024-01-05 01:20:00,97.7
2024-01-05 01:25:00,102.2
2024-01-05 01:30:00,103.1
2024-01-05 01:35:00,99.4
2024-01-05 01:40:00,103.1
2024-01-05 01:45:00,103.4
2024-01-05 01:50:00,100.3
2024-01-05 01:55:00,98.9
2024-01-05 02:00:00,98.9
2024-01-05 02:05:00,103.0
2024-01-05 02:10:00,104.1
2024-01-05 02:15:00,101.0
2024-01-05 02:20:00,103.7
2024-01-05 02:25:00,105.7
2024-01-05 02:30:00,106.1
2024-01-05 02:35:00,109.2
2024-01-05 02:40:00,108.7
2024-01-05 02:45:00,102.2
2024-01-05 02:50:00,110.5
2024-01-05 02:55:00,104.2
2024-01-05 03:00:00,109.3
2024-01-05 03:05:00,106.6
2024-01-05 03:10:00,105.5
2024-01-05 03:15:00,101.7
2024-01-05 03:20:00,106.9
2024-01-05 03:25:00,103.0
2024-01-05 03:30:00,110.9
2024-01-05 03:35:00,112.9
2024-01-05 03:40:00,106.3
2024-01-05 03:45:00,109.9
2024-01-05 03:50:00,107.2
2024-01-05 03:55:00,107.8
2024-01-05 04:00:00,112.3
2024-01-05 04:05:00,110.2
2024-01-05 04:10:00,115.9
2024-01-05 04:15:00,109.5
2024-01-05 04:20:00,114.3
2024-01-05 04:25:00,111.9
2024-01-05 04:30:00,114.3
2024-01-05 04:35:00,110.9
2024-01-05 04:40:00,112.5
2024-01-05 04:45:00,112.6
2024-01-05 04:50:00,110.7
2024-01-05 04:55:00,115.6
2024-01-05 05:00:00,115.8
2024-01-05 05:05:00,116.0
2024-01-05 05:10:00,119.1
2024-01-05 05:15:00,119.2
2024-01-05 05:20:00,114.0
2024-01-05 05:25:00,116.6
2024-01-05 05:30:00,113.9
2024-01-05 05:35:00,116.1
2024-01-05 05:40:00,114.5
2024-01-05 05:45:00,121.5
2024-01-05 05:50:00,118.0
2024-01-05 05:55:00,116.6
2024-01-05 06:00:00,121.1
2024-01-05 06:05:00,111.3
2024-01-05 06:10:00,112.0
2024-01-05 06:15:00,120.7
2024-01-05 06:20:00,118.8
2024-01-05 06:25:00,119.6
2024-01-05 06:30:00,115.2
2024-01-05 06:35:00,119.3
2024-01-05 06:40:00,125.7
2024-01-05 06:45:00,122.4
2024-01-05 06:50:00,120.6
2024-01-05 06:55:00,119.1
2024-01-05 07:00:00,119.4
2024-01-05 07:05:00,114.4
2024-01-05 07:10:00,121.8
2024-01-05 07:15:00,123.8
2024-01-05 07:20:00,116.8
2024-01-05 07:25:00,119.7
2024-01-05 07:30:00,118.4
2024-01-05 07:35:00,119.2
2024-01-05 07:40:00,122.4
2024-01-05 07:45:00,116.2
2024-01-05 07:50:00,124.5
2024-01-05 07:55:00,125.1
2024-01-05 08:00:00,150.4
2024-01-05 08:05:00,150.1
2024-01-05 08:10:00,161.5
2024-01-05 08:15:00,175.5
2024-01-05 08:20:00,170.9
2024-01-05 08:25:00,185.5
2024-01-05 08:30:00,189.9
2024-01-05 08:35:00,202.0
2024-01-05 08:40:00,202.6
2024-01-05 08:45:00,209.6
2024-01-05 08:50:00,212.2
2024-01-05 08:55:00,216.6
2024-01-05 09:00:00,209.3
2024-01-05 09:05:00,208.2
2024-01-05 09:10:00,198.4
2024-01-05 09:15:00,201.0
2024-01-05 09:20:00,188.8
2024-01-05 09:25:00,182.4
2024-01-05 09:30:00,176.8
2024-01-05 09:35:00,164.9
2024-01-05 09:40:00,163.3
2024-01-05 09:45:00,159.1
2024-01-05 09:50:00,151.2
2024-01-05 09:55:00,140.4
2024-01-05 10:00:00,140.3
2024-01-05 10:05:00,139.2
2024-01-05 10:10:00,128.4
2024-01-05 10:15:00,128.4
2024-01-05 10:20:00,132.4
2024-01-05 10:25:00,129.1
2024-01-05 10:30:00,128.5
2024-01-05 10:35:00,132.0
2024-01-05 10:40:00,127.2
2024-01-05 10:45:00,127.4
2024-01-05 10:50:00,133.2
2024-01-05 10:55:00,124.2
2024-01-05 11:00:00,122.3
2024-01-05 11:05:00,125.8
2024-01-05 11:10:00,125.7
2024-01-05 11:15:00,122.7
2024-01-05 11:20:00,121.0
2024-01-05 11:25:00,130.9
2024-01-05 11:30:00,124.8
2024-01-05 11:35:00,121.5
2024-01-05 11:40:00,126.3
2024-01-05 11:45:00,123.1
2024-01-05 11:50:00,122.5
2024-01-05 11:55:00,124.8
2024-01-05 12:00:00,119.1
2024-01-05 12:05:00,123.9
2024-01-05 12:10:00,128.4
2024-01-05 12:15:00,123.9
2024-01-05 12:20:00,121.2
2024-01-05 12:25:00,120.6
2024-01-05 12:30:00,120.7
2024-01-05 12:35:00,120.9
2024-01-05 12:40:00,120.4
2024-01-05 12:45:00,124.0
2024-01-05 12:50:00,115.9
2024-01-05 12:55:00,123.4
2024-01-05 13:00:00,141.5
2024-01-05 13:05:00,149.2
2024-01-05 13:10:00,150.6
2024-01-05 13:15:00,164.3
2024-01-05 13:20:00,170.3
2024-01-05 13:25:00,175.4
2024-01-05 13:30:00,173.3
2024-01-05 13:35:00,184.6
2024-01-05 13:40:00,186.2
2024-01-05 13:45:00,181.4
2024-01-05 13:50:00,185.7
2024-01-05 13:55:00,184.7
2024-01-05 14:00:00,181.5
2024-01-05 14:05:00,175.4
2024-01-05 14:10:00,169.7
2024-01-05 14:15:00,166.6
2024-01-05 14:20:00,159.0
2024-01-05 14:25:00,140.0
2024-01-05 14:30:00,141.2
2024-01-05 14:35:00,135.9
2024-01-05 14:40:00,126.1
2024-01-05 14:45:00,127.3
2024-01-05 14:50:00,127.2
2024-01-05 14:55:00,117.4
2024-01-05 15:00:00,119.4
2024-01-05 15:05:00,113.9
2024-01-05 15:10:00,113.3
2024-01-05 15:15:00,118.7
2024-01-05 15:20:00,111.8
2024-01-05 15:25:00,114.2
2024-01-05 15:30:00,106.6
2024-01-05 15:35:00,117.4
2024-01-05 15:40:00,113.2
2024-01-05 15:45:00,110.5
2024-01-05 15:50:00,112.4
2024-01-05 15:55:00,106.1
2024-01-05 16:00:00,113.6
2024-01-05 16:05:00,108.7
2024-01-05 16:10:00,108.7
2024-01-05 16:15:00,107.5
2024-01-05 16:20:00,107.0
2024-01-05 16:25:00,110.5
2024-01-05 16:30:00,108.8
2024-01-05 16:35:00,109.7
2024-01-05 16:40:00,107.4
2024-01-05 16:45:00,108.6
2024-01-05 16:50:00,105.5
2024-01-05 16:55:00,113.1
2024-01-05 17:00:00,101.4
2024-01-05 17:05:00,109.6
2024-01-05 17:10:00,109.6
2024-01-05 17:15:00,102.6
2024-01-05 17:20:00,111.6
2024-01-05 17:25:00,107.5
2024-01-05 17:30:00,107.2
2024-01-05 17:35:00,104.0
2024-01-05 17:40:00,103.0
2024-01-05 17:45:00,102.7
2024-01-05 17:50:00,104.2
2024-01-05 17:55:00,107.0
2024-01-05 18:00:00,103.0
2024-01-05 18:05:00,99.5
2024-01-05 18:10:00,104.4
2024-01-05 18:15:00,104.4
2024-01-05 18:20:00,103.4
2024-01-05 18:25:00,103.4
2024-01-05 18:30:00,100.1
2024-01-05 18:35:00,97.8
2024-01-05 18:40:00,97.8
2024-01-05 18:45:00,95.2
2024-01-05 18:50:00,100.6
2024-01-05 18:55:00,99.4
2024-01-05 19:00:00,114.1
2024-01-05 19:05:00,108.8
2024-01-05 19:10:00,116.3
2024-01-05 19:15:00,126.0
2024-01-05 19:20:00,123.3
2024-01-05 19:25:00,129.1
2024-01-05 19:30:00,126.6
2024-01-05 19:35:00,137.8
2024-01-05 19:40:00,135.6
2024-01-05 19:45:00,139.3
2024-01-05 19:50:00,147.6
2024-01-05 19:55:00,147.0
2024-01-05 20:00:00,143.0
2024-01-05 20:05:00,143.2
2024-01-05 20:10:00,144.7
2024-01-05 20:15:00,147.3
2024-01-05 20:20:00,145.2
2024-01-05 20:25:00,143.5
2024-01-05 20:30:00,147.9
2024-01-05 20:35:00,141.5
2024-01-05 20:40:00,146.7
2024-01-05 20:45:00,137.7
2024-01-05 20:50:00,140.2
2024-01-05 20:55:00,133.1
2024-01-05 21:00:00,131.9
2024-01-05 21:05:00,123.9
2024-01-05 21:10:00,120.4
2024-01-05 21:15:00,121.4
2024-01-05 21:20:00,120.1
2024-01-05 21:25:00,114.5
2024-01-05 21:30:00,108.0
2024-01-05 21:35:00,105.4
2024-01-05 21:40:00,103.0
2024-01-05 21:45:00,100.1
2024-01-05 21:50:00,104.0
2024-01-05 21:55:00,105.5
2024-01-05 22:00:00,100.8
2024-01-05 22:05:00,93.0
2024-01-05 22:10:00,98.2
2024-01-05 22:15:00,97.6
2024-01-05 22:20:00,103.7
2024-01-05 22:25:00,92.6
2024-01-05 22:30:00,95.4
2024-01-05 22:35:00,101.4
2024-01-05 22:40:00,97.4
2024-01-05 22:45:00,97.6
2024-01-05 22:50:00,96.2
2024-01-05 22:55:00,96.8
2024-01-05 23:00:00,98.1
2024-01-05 23:05:00,93.3
2024-01-05 23:10:00,98.5
2024-01-05 23:15:00,91.8
2024-01-05 23:20:00,97.0
2024-01-05 23:25:00,96.6
2024-01-05 23:30:00,94.3
2024-01-05 23:35:00,96.2
2024-01-05 23:40:00,94.6
2024-01-05 23:45:00,93.3
2024-01-05 23:50:00,95.6
2024-01-05 23:55:00,93.5
2024-01-06 00:00:00,98.0
2024-01-06 00:05:00,93.7
2024-01-06 00:10:00,99.5
2024-01-06 00:15:00,94.0
2024-01-06 00:20:00,96.0
2024-01-06 00:25:00,96.0
2024-01-06 00:30:00,102.1
2024-01-06 00:35:00,99.3
2024-01-06 00:40:00,97.9
2024-01-06 00:45:00,100.2
2024-01-06 00:50:00,92.6
2024-01-06 00:55:00,99.0
2024-01-06 01:00:00,105.4
2024-01-06 01:05:00,100.0
2024-01-06 01:10:00,100.1
2024-01-06 01:15:00,101.8
2024-01-06 01:20:00,103.0
2024-01-06 01:25:00,94.6
2024-01-06 01:30:00,95.8
2024-01-06 01:35:00,101.8
2024-01-06 01:40:00,99.3
2024-01-06 01:45:00,105.6
2024-01-06 01:50:00,101.0
2024-01-06 01:55:00,96.4
2024-01-06 02:00:00,98.7
2024-01-06 02:05:00,94.5
2024-01-06 02:10:00,102.4
2024-01-06 02:15:00,102.8
2024-01-06 02:20:00,102.4
2024-01-06 02:25:00,107.2
2024-01-06 02:30:00,107.9
2024-01-06 02:35:00,104.1
2024-01-06 02:40:00,98.5
2024-01-06 02:45:00,107.0
2024-01-06 02:50:00,107.2
2024-01-06 02:55:00,106.7
2024-01-06 03:00:00,109.1
2024-01-06 03:05:00,102.9
2024-01-06 03:10:00,112.8
2024-01-06 03:15:00,104.2
2024-01-06 03:20:00,109.6
2024-01-06 03:25:00,102.7
2024-01-06 03:30:00,105.3
2024-01-06 03:35:00,112.9
2024-01-06 03:40:00,107.9
2024-01-06 03:45:00,111.5
2024-01-06 03:50:00,110.1
2024-01-06 03:55:00,109.4
2024-01-06 04:00:00,114.1
2024-01-06 04:05:00,109.6
2024-01-06 04:10:00,105.3
2024-01-06 04:15:00,108.6
2024-01-06 04:20:00,113.0
2024-01-06 04:25:00,112.8
2024-01-06 04:30:00,107.3
2024-01-06 04:35:00,110.1
2024-01-06 04:40:00,110.9
2024-01-06 04:45:00,111.8
2024-01-06 04:50:00,109.1
2024-01-06 04:55:00,111.7
2024-01-06 05:00:00,111.7
2024-01-06 05:05:00,116.5
2024-01-06 05:10:00,116.9
2024-01-06 05:15:00,114.4
2024-01-06 05:20:00,114.0
2024-01-06 05:25:00,115.9
2024-01-06 05:30:00,113.3
2024-01-06 05:35:00,112.6
2024-01-06 05:40:00,113.5
2024-01-06 05:45:00,114.7
2024-01-06 05:50:00,113.4
2024-01-06 05:55:00,117.7
2024-01-06 06:00:00,119.7
2024-01-06 06:05:00,113.0
2024-01-06 06:10:00,118.1
2024-01-06 06:15:00,117.7
2024-01-06 06:20:00,119.6
2024-01-06 06:25:00,118.8
2024-01-06 06:30:00,114.8
2024-01-06 06:35:00,115.6
2024-01-06 06:40:00,119.7
2024-01-06 06:45:00,123.0
2024-01-06 06:50:00,113.5
2024-01-06 06:55:00,121.4
2024-01-06 07:00:00,124.2
2024-01-06 07:05:00,120.4
2024-01-06 07:10:00,122.7
2024-01-06 07:15:00,119.2
2024-01-06 07:20:00,121.1
2024-01-06 07:25:00,116.8
2024-01-06 07:30:00,114.9
2024-01-06 07:35:00,124.9
2024-01-06 07:40:00,119.3
2024-01-06 07:45:00,121.1
2024-01-06 07:50:00,118.5
2024-01-06 07:55:00,118.6
2024-01-06 08:00:00,150.0
2024-01-06 08:05:00,152.1
2024-01-06 08:10:00,159.4
2024-01-06 08:15:00,163.8
2024-01-06 08:20:00,167.7
2024-01-06 08:25:00,171.9
2024-01-06 08:30:00,180.4
2024-01-06 08:35:00,176.9
2024-01-06 08:40:00,184.3
2024-01-06 08:45:00,192.1
2024-01-06 08:50:00,196.5
2024-01-06 08:55:00,192.2
2024-01-06 09:00:00,198.9
2024-01-06 09:05:00,206.9
2024-01-06 09:10:00,206.8
2024-01-06 09:15:00,207.8
2024-01-06 09:20:00,207.9
2024-01-06 09:25:00,208.2
2024-01-06 09:30:00,210.4
2024-01-06 09:35:00,208.3
2024-01-06 09:40:00,207.9
2024-01-06 09:45:00,206.7
2024-01-06 09:50:00,202.2
2024-01-06 09:55:00,203.2
2024-01-06 10:00:00,207.2
2024-01-06 10:05:00,189.6
2024-01-06 10:10:00,192.1
2024-01-06 10:15:00,184.8
2024-01-06 10:20:00,184.6
2024-01-06 10:25:00,178.6
2024-01-06 10:30:00,176.4
2024-01-06 10:35:00,173.3
2024-01-06 10:40:00,166.0
2024-01-06 10:45:00,164.7
2024-01-06 10:50:00,150.3
2024-01-06 10:55:00,158.3
2024-01-06 11:00:00,151.1
2024-01-06 11:05:00,149.9
2024-01-06 11:10:00,140.0
2024-01-06 11:15:00,138.4
2024-01-06 11:20:00,138.8
2024-01-06 11:25:00,136.0
2024-01-06 11:30:00,134.9
2024-01-06 11:35:00,135.5
2024-01-06 11:40:00,125.4
2024-01-06 11:45:00,132.2
2024-01-06 11:50:00,128.1
2024-01-06 11:55:00,126.4
2024-01-06 12:00:00,121.7
2024-01-06 12:05:00,126.9
2024-01-06 12:10:00,117.4
2024-01-06 12:15:00,126.0
2024-01-06 12:20:00,119.1
2024-01-06 12:25:00,123.2
2024-01-06 12:30:00,122.3
2024-01-06 12:35:00,125.8
2024-01-06 12:40:00,121.4
2024-01-06 12:45:00,119.5
2024-01-06 12:50:00,119.8
2024-01-06 12:55:00,124.8
2024-01-06 13:00:00,141.7
2024-01-06 13:05:00,142.3
2024-01-06 13:10:00,146.5
2024-01-06 13:15:00,146.5
2024-01-06 13:20:00,156.5
2024-01-06 13:25:00,154.1
2024-01-06 13:30:00,165.7
2024-01-06 13:35:00,167.5
2024-01-06 13:40:00,177.6
2024-01-06 13:45:00,169.9
2024-01-06 13:50:00,175.0
2024-01-06 13:55:00,181.9
2024-01-06 14:00:00,180.6
2024-01-06 14:05:00,174.5
2024-01-06 14:10:00,175.9
2024-01-06 14:15:00,173.1
2024-01-06 14:20:00,171.1
2024-01-06 14:25:00,164.6
2024-01-06 14:30:00,162.4
2024-01-06 14:35:00,153.5
2024-01-06 14:40:00,154.1
2024-01-06 14:45:00,150.3
2024-01-06 14:50:00,143.7
2024-01-06 14:55:00,135.0
2024-01-06 15:00:00,138.6
2024-01-06 15:05:00,132.8
2024-01-06 15:10:00,126.0
2024-01-06 15:15:00,124.2
2024-01-06 15:20:00,117.8
2024-01-06 15:25:00,116.8
2024-01-06 15:30:00,116.3
2024-01-06 15:35:00,119.8
2024-01-06 15:40:00,112.8
2024-01-06 15:45:00,115.4
2024-01-06 15:50:00,110.9
2024-01-06 15:55:00,112.4
2024-01-06 16:00:00,110.5
2024-01-06 16:05:00,113.0
2024-01-06 16:10:00,108.2
2024-01-06 16:15:00,104.6
2024-01-06 16:20:00,104.8
2024-01-06 16:25:00,106.9
2024-01-06 16:30:00,104.4
2024-01-06 16:35:00,109.0
2024-01-06 16:40:00,106.0
2024-01-06 16:45:00,114.2
2024-01-06 16:50:00,101.6
2024-01-06 16:55:00,107.1
2024-01-06 17:00:00,102.7
2024-01-06 17:05:00,104.3
2024-01-06 17:10:00,105.9
2024-01-06 17:15:00,98.2
2024-01-06 17:20:00,105.6
2024-01-06 17:25:00,110.3
2024-01-06 17:30:00,102.9
2024-01-06 17:35:00,104.7
2024-01-06 17:40:00,106.7
2024-01-06 17:45:00,102.9
2024-01-06 17:50:00,101.3
2024-01-06 17:55:00,96.0
2024-01-06 18:00:00,104.4
2024-01-06 18:05:00,101.9
2024-01-06 18:10:00,98.9
2024-01-06 18:15:00,102.0
2024-01-06 18:20:00,99.6
2024-01-06 18:25:00,99.5
2024-01-06 18:30:00,102.7
2024-01-06 18:35:00,96.6
2024-01-06 18:40:00,103.5
2024-01-06 18:45:00,95.9
2024-01-06 18:50:00,97.9
2024-01-06 18:55:00,105.4
2024-01-06 19:00:00,124.9
2024-01-06 19:05:00,126.5
2024-01-06 19:10:00,128.5
2024-01-06 19:15:00,135.2
2024-01-06 19:20:00,142.6
2024-01-06 19:25:00,147.9
2024-01-06 19:30:00,152.7
2024-01-06 19:35:00,157.4
2024-01-06 19:40:00,160.5
2024-01-06 19:45:00,159.5
2024-01-06 19:50:00,163.6
2024-01-06 19:55:00,168.0
2024-01-06 20:00:00,160.0
2024-01-06 20:05:00,161.0
2024-01-06 20:10:00,155.5
2024-01-06 20:15:00,153.8
2024-01-06 20:20:00,147.0
2024-01-06 20:25:00,146.9
2024-01-06 20:30:00,138.1
2024-01-06 20:35:00,126.8
2024-01-06 20:40:00,127.1
2024-01-06 20:45:00,117.6
2024-01-06 20:50:00,113.5
2024-01-06 20:55:00,112.0
2024-01-06 21:00:00,106.1
2024-01-06 21:05:00,107.3
2024-01-06 21:10:00,99.9
2024-01-06 21:15:00,98.5
2024-01-06 21:20:00,96.9
2024-01-06 21:25:00,96.0
2024-01-06 21:30:00,100.2
2024-01-06 21:35:00,98.2
2024-01-06 21:40:00,101.0
2024-01-06 21:45:00,102.4
2024-01-06 21:50:00,92.3
2024-01-06 21:55:00,95.4
2024-01-06 22:00:00,91.6
2024-01-06 22:05:00,92.7
2024-01-06 22:10:00,93.2
2024-01-06 22:15:00,91.9
2024-01-06 22:20:00,91.9
2024-01-06 22:25:00,94.7
2024-01-06 22:30:00,91.5
2024-01-06 22:35:00,97.7
2024-01-06 22:40:00,92.5
2024-01-06 22:45:00,103.7
2024-01-06 22:50:00,94.0
2024-01-06 22:55:00,95.6
2024-01-06 23:00:00,91.6
2024-01-06 23:05:00,100.7
2024-01-06 23:10:00,99.1
2024-01-06 23:15:00,96.7
2024-01-06 23:20:00,91.9
2024-01-06 23:25:00,96.7
2024-01-06 23:30:00,92.8
2024-01-06 23:35:00,100.7
2024-01-06 23:40:00,98.8
2024-01-06 23:45:00,96.8
2024-01-06 23:50:00,89.4
2024-01-06 23:55:00,93.9
2024-01-07 00:00:00,99.1
2024-01-07 00:05:00,100.8
2024-01-07 00:10:00,100.7
2024-01-07 00:15:00,92.8
2024-01-07 00:20:00,98.6
2024-01-07 00:25:00,100.9
2024-01-07 00:30:00,93.1
2024-01-07 00:35:00,98.3
2024-01-07 00:40:00,99.3
2024-01-07 00:45:00,97.8
2024-01-07 00:50:00,93.4
2024-01-07 00:55:00,98.2
2024-01-07 01:00:00,98.4
2024-01-07 01:05:00,99.2
2024-01-07 01:10:00,98.2
2024-01-07 01:15:00,98.8
2024-01-07 01:20:00,100.2
2024-01-07 01:25:00,101.9
2024-01-07 01:30:00,100.0
2024-01-07 01:35:00,99.9
2024-01-07 01:40:00,101.7
2024-01-07 01:45:00,95.9
2024-01-07 01:50:00,103.4
2024-01-07 01:55:00,102.2
2024-01-07 02:00:00,102.6
2024-01-07 02:05:00,105.7
2024-01-07 02:10:00,97.2
2024-01-07 02:15:00,97.4
2024-01-07 02:20:00,104.5
2024-01-07 02:25:00,103.9
2024-01-07 02:30:00,104.8
2024-01-07 02:35:00,103.2
2024-01-07 02:40:00,106.9
2024-01-07 02:45:00,108.0
2024-01-07 02:50:00,106.9
2024-01-07 02:55:00,105.0
2024-01-07 03:00:00,99.8
2024-01-07 03:05:00,108.7
2024-01-07 03:10:00,110.4
2024-01-07 03:15:00,109.0
2024-01-07 03:20:00,104.8
2024-01-07 03:25:00,109.7
2024-01-07 03:30:00,110.6
2024-01-07 03:35:00,113.0
2024-01-07 03:40:00,106.1
2024-01-07 03:45:00,108.3
2024-01-07 03:50:00,111.6
2024-01-07 03:55:00,109.8
2024-01-07 04:00:00,106.6
2024-01-07 04:05:00,111.6
2024-01-07 04:10:00,112.4
2024-01-07 04:15:00,111.2
2024-01-07 04:20:00,112.0
2024-01-07 04:25:00,110.9
2024-01-07 04:30:00,116.4
2024-01-07 04:35:00,109.6
2024-01-07 04:40:00,110.8
2024-01-07 04:45:00,113.0
2024-01-07 04:50:00,115.9
2024-01-07 04:55:00,109.1
2024-01-07 05:00:00,110.0
2024-01-07 05:05:00,108.1
2024-01-07 05:10:00,114.6
2024-01-07 05:15:00,111.5
2024-01-07 05:20:00,114.0
2024-01-07 05:25:00,117.4
2024-01-07 05:30:00,113.8
2024-01-07 05:35:00,116.7
2024-01-07 05:40:00,115.4
2024-01-07 05:45:00,118.7
2024-01-07 05:50:00,118.4
2024-01-07 05:55:00,115.1
2024-01-07 06:00:00,117.0
2024-01-07 06:05:00,120.9
2024-01-07 06:10:00,119.2
2024-01-07 06:15:00,114.1
2024-01-07 06:20:00,120.6
2024-01-07 06:25:00,115.6
2024-01-07 06:30:00,123.4
2024-01-07 06:35:00,122.5
2024-01-07 06:40:00,120.5
2024-01-07 06:45:00,120.4
2024-01-07 06:50:00,119.5
2024-01-07 06:55:00,122.4
2024-01-07 07:00:00,119.5
2024-01-07 07:05:00,121.5
2024-01-07 07:10:00,123.7
2024-01-07 07:15:00,119.6
2024-01-07 07:20:00,119.6
2024-01-07 07:25:00,118.1
2024-01-07 07:30:00,118.7
2024-01-07 07:35:00,116.6
2024-01-07 07:40:00,124.5
2024-01-07 07:45:00,127.9
2024-01-07 07:50:00,126.9
2024-01-07 07:55:00,117.9
2024-01-07 08:00:00,140.7
2024-01-07 08:05:00,145.7
2024-01-07 08:10:00,143.2
2024-01-07 08:15:00,148.1
2024-01-07 08:20:00,145.2
2024-01-07 08:25:00,155.4
2024-01-07 08:30:00,154.8
2024-01-07 08:35:00,161.7
2024-01-07 08:40:00,159.4
2024-01-07 08:45:00,168.4
2024-01-07 08:50:00,172.0
2024-01-07 08:55:00,168.3
2024-01-07 09:00:00,168.4
2024-01-07 09:05:00,165.9
2024-01-07 09:10:00,171.5
2024-01-07 09:15:00,169.9
2024-01-07 09:20:00,165.7
2024-01-07 09:25:00,169.9
2024-01-07 09:30:00,165.0
2024-01-07 09:35:00,160.5
2024-01-07 09:40:00,159.1
2024-01-07 09:45:00,160.9
2024-01-07 09:50:00,156.2
2024-01-07 09:55:00,150.8
2024-01-07 10:00:00,149.8
2024-01-07 10:05:00,141.4
2024-01-07 10:10:00,142.1
2024-01-07 10:15:00,139.8
2024-01-07 10:20:00,135.5
2024-01-07 10:25:00,136.1
2024-01-07 10:30:00,130.6
2024-01-07 10:35:00,132.8
2024-01-07 10:40:00,131.5
2024-01-07 10:45:00,120.0
2024-01-07 10:50:00,131.3
2024-01-07 10:55:00,117.8
2024-01-07 11:00:00,124.4
2024-01-07 11:05:00,128.8
2024-01-07 11:10:00,124.3
2024-01-07 11:15:00,120.5
2024-01-07 11:20:00,121.3
2024-01-07 11:25:00,127.4
2024-01-07 11:30:00,118.3
2024-01-07 11:35:00,127.3
2024-01-07 11:40:00,123.5
2024-01-07 11:45:00,120.0
2024-01-07 11:50:00,121.6
2024-01-07 11:55:00,120.1
2024-01-07 12:00:00,125.6
2024-01-07 12:05:00,125.0
2024-01-07 12:10:00,117.5
2024-01-07 12:15:00,121.3
2024-01-07 12:20:00,119.7
2024-01-07 12:25:00,126.0
2024-01-07 12:30:00,117.9
2024-01-07 12:35:00,126.5
2024-01-07 12:40:00,121.4
2024-01-07 12:45:00,117.8
2024-01-07 12:50:00,119.0
2024-01-07 12:55:00,118.4
2024-01-07 13:00:00,134.2
2024-01-07 13:05:00,140.8
2024-01-07 13:10:00,139.5
2024-01-07 13:15:00,139.4
2024-01-07 13:20:00,147.8
2024-01-07 13:25:00,146.5
2024-01-07 13:30:00,152.6
2024-01-07 13:35:00,155.0
2024-01-07 13:40:00,157.9
2024-01-07 13:45:00,169.1
2024-01-07 13:50:00,165.5
2024-01-07 13:55:00,168.0
2024-01-07 14:00:00,163.4
2024-01-07 14:05:00,167.8
2024-01-07 14:10:00,170.9
2024-01-07 14:15:00,167.2
2024-01-07 14:20:00,172.4
2024-01-07 14:25:00,165.0
2024-01-07 14:30:00,166.2
2024-01-07 14:35:00,163.2
2024-01-07 14:40:00,163.0
2024-01-07 14:45:00,157.8
2024-01-07 14:50:00,155.8
2024-01-07 14:55:00,152.6
2024-01-07 15:00:00,147.6
2024-01-07 15:05:00,147.7
2024-01-07 15:10:00,143.4
2024-01-07 15:15:00,138.9
2024-01-07 15:20:00,134.5
2024-01-07 15:25:00,134.9
2024-01-07 15:30:00,128.8
2024-01-07 15:35:00,125.8
2024-01-07 15:40:00,124.4
2024-01-07 15:45:00,126.8
2024-01-07 15:50:00,115.6
2024-01-07 15:55:00,120.0
2024-01-07 16:00:00,110.3
2024-01-07 16:05:00,115.2
2024-01-07 16:10:00,117.9
2024-01-07 16:15:00,113.5
2024-01-07 16:20:00,111.6
2024-01-07 16:25:00,108.5
2024-01-07 16:30:00,109.6
2024-01-07 16:35:00,108.1
2024-01-07 16:40:00,105.9
2024-01-07 16:45:00,106.8
2024-01-07 16:50:00,107.8
2024-01-07 16:55:00,104.5
2024-01-07 17:00:00,103.9
2024-01-07 17:05:00,101.9
2024-01-07 17:10:00,106.8
2024-01-07 17:15:00,106.9
2024-01-07 17:20:00,105.6
2024-01-07 17:25:00,107.5
2024-01-07 17:30:00,104.6
2024-01-07 17:35:00,105.2
2024-01-07 17:40:00,104.6
2024-01-07 17:45:00,103.1
2024-01-07 17:50:00,101.5
2024-01-07 17:55:00,109.4
2024-01-07 18:00:00,101.1
2024-01-07 18:05:00,100.2
2024-01-07 18:10:00,103.2
2024-01-07 18:15:00,102.4
2024-01-07 18:20:00,97.2
2024-01-07 18:25:00,104.5
2024-01-07 18:30:00,100.6
2024-01-07 18:35:00,97.3
2024-01-07 18:40:00,103.9
2024-01-07 18:45:00,102.0
2024-01-07 18:50:00,96.1
2024-01-07 18:55:00,105.0
2024-01-07 19:00:00,122.9
2024-01-07 19:05:00,123.7
2024-01-07 19:10:00,131.5
2024-01-07 19:15:00,130.4
2024-01-07 19:20:00,133.2
2024-01-07 19:25:00,134.7
2024-01-07 19:30:00,141.8
2024-01-07 19:35:00,145.0
2024-01-07 19:40:00,146.9
2024-01-07 19:45:00,147.7
2024-01-07 19:50:00,153.4
2024-01-07 19:55:00,155.4
2024-01-07 20:00:00,153.9
2024-01-07 20:05:00,155.4
2024-01-07 20:10:00,162.9
2024-01-07 20:15:00,154.4
2024-01-07 20:20:00,163.2
2024-01-07 20:25:00,161.0
2024-01-07 20:30:00,165.7
2024-01-07 20:35:00,159.1
2024-01-07 20:40:00,160.8
2024-01-07 20:45:00,155.5
2024-01-07 20:50:00,154.5
2024-01-07 20:55:00,153.4
2024-01-07 21:00:00,146.6
2024-01-07 21:05:00,147.5
2024-01-07 21:10:00,138.0
2024-01-07 21:15:00,138.1
2024-01-07 21:20:00,136.3
2024-01-07 21:25:00,131.8
2024-01-07 21:30:00,132.0
2024-01-07 21:35:00,120.5
2024-01-07 21:40:00,115.4
2024-01-07 21:45:00,113.5
2024-01-07 21:50:00,115.6
2024-01-07 21:55:00,112.6
2024-01-07 22:00:00,109.0
2024-01-07 22:05:00,103.3
2024-01-07 22:10:00,107.1
2024-01-07 22:15:00,99.5
2024-01-07 22:20:00,105.3
2024-01-07 22:25:00,109.2
2024-01-07 22:30:00,100.7
2024-01-07 22:35:00,100.5
2024-01-07 22:40:00,96.6
2024-01-07 22:45:00,92.2
2024-01-07 22:50:00,95.4
2024-01-07 22:55:00,93.6
2024-01-07 23:00:00,92.3
2024-01-07 23:05:00,101.6
2024-01-07 23:10:00,97.2
2024-01-07 23:15:00,97.4
2024-01-07 23:20:00,95.3
2024-01-07 23:25:00,95.8
2024-01-07 23:30:00,99.2
2024-01-07 23:35:00,96.3
2024-01-07 23:40:00,98.1
2024-01-07 23:45:00,96.0
2024-01-07 23:50:00,95.7
2024-01-07 23:55:00,92.7
